Workbook

Sheet Planilha1 (2)
A1: Plano ST | B1: ST | C1: Dependentes | D1: Convidado | E1: Local | F1: Valor Ingresso Normal | G1: % Desc ST | H1: Valor Plano ST | I1: Valor Ingresso ST | J1: Valor Dependente | K1: Valor Convidado | L1: Valor | N1: Valor Referência Meia Entrada | O1: Delta | Q1: Valor Referência Meia Entrada 2 jogos | R1: Custo ST | S1: Delta | U1: Valor Referência Meia Entrada 0,5 jogos | V1: Custo ST | W1: Delta
A2: Vermelho | B2: 1 | C2: 0 | D2: 0 | E2: Azul | F2: =VLOOKUP(E2,Planilha2!$E$2:$F$6,2,0) -> 80 | G2: =VLOOKUP($A2,Planilha2!$A$2:$C$6,3,0) -> 0.5 | H2: =VLOOKUP($A2,Planilha2!$A$2:$C$6,2,0) -> 18.99 | I2: =F2*(1-G2) -> 40 | J2: =0.3*C2 -> 0 | K2: =F2*D2 -> 0 | L2: =SUM(H2:K2)*1.1 -> 64.889 | N2: =(F2/2*SUM(B2:D2))*1.1 -> 44 | O2: =L2-N2 -> 20.889 | Q2: =N2*2 -> 88 | R2: =SUM(I2:K2)+L2 -> 104.889 | S2: =R2-Q2 -> 16.889 | U2: =N2*3 -> 132 | V2: =(H2*6)+(SUM(I2:K2)*3) -> 233.94 | W2: =V2-U2 -> 101.94
A3: Branco | B3: 1 | C3: 0 | D3: 0 | E3: Azul | F3: =VLOOKUP(E3,Planilha2!$E$2:$F$6,2,0) -> 80 | G3: =VLOOKUP($A3,Planilha2!$A$2:$C$6,3,0) -> 0.7 | H3: =VLOOKUP($A3,Planilha2!$A$2:$C$6,2,0) -> 35.99 | I3: =F3*(1-G3) -> 24 | J3: =0.3*C3 -> 0 | K3: =F3*D3 -> 0 | L3: =SUM(H3:K3)*1.1 -> 65.989 | N3: =(F3/2*SUM(B3:D3))*1.1 -> 44 | O3: =L3-N3 -> 21.989 | Q3: =N3*2 -> 88 | R3: =SUM(I3:K3)+L3 -> 89.989 | S3: =R3-Q3 -> 1.989 | U3: =N3*3 -> 132 | V3: =(H3*6)+(SUM(I3:K3)*3) -> 287.94 | W3: =V3-U3 -> 155.94
A4: Preto | B4: 1 | C4: 0 | D4: 0 | E4: Cadeira Especial | F4: =VLOOKUP(E4,Planilha2!$E$2:$F$6,2,0) -> 150 | G4: =VLOOKUP($A4,Planilha2!$A$2:$C$6,3,0) -> 0.7 | H4: =VLOOKUP($A4,Planilha2!$A$2:$C$6,2,0) -> 74.99 | I4: =F4*(1-G4) -> 45 | J4: =0.3*C4 -> 0 | K4: =F4*D4 -> 0 | L4: =SUM(H4:K4)*1.1 -> 131.989 | N4: =(F4/2*SUM(B4:D4))*1.1 -> 82.5 | O4: =L4-N4 -> 49.489 | Q4: =N4*2 -> 165 | R4: =SUM(I4:K4)+L4 -> 176.989 | S4: =R4-Q4 -> 11.989 | U4: =N4*3 -> 247.5 | V4: =(H4*6)+(SUM(I4:K4)*3) -> 584.94 | W4: =V4-U4 -> 337.44
A5: Vermelho | B5: 1 | C5: 1 | D5: 0 | E5: Azul | F5: =VLOOKUP(E5,Planilha2!$E$2:$F$6,2,0) -> 80 | G5: =VLOOKUP($A5,Planilha2!$A$2:$C$6,3,0) -> 0.5 | H5: =VLOOKUP($A5,Planilha2!$A$2:$C$6,2,0) -> 18.99 | I5: =F5*(1-G5) -> 40 | J5: =0.3*C5 -> 0.3 | K5: =F5*D5 -> 0 | L5: =SUM(H5:K5)*1.1 -> 65.219 | N5: =(F5/2*SUM(B5:D5))*1.1 -> 88 | O5: =L5-N5 -> -22.781 | Q5: =N5*2 -> 176 | R5: =SUM(I5:K5)+L5 -> 105.519 | S5: =R5-Q5 -> -70.481 | U5: =N5*3 -> 264 | V5: =(H5*6)+(SUM(I5:K5)*3) -> 234.84 | W5: =V5-U5 -> -29.16
A6: Branco | B6: 1 | C6: 1 | D6: 0 | E6: Azul | F6: =VLOOKUP(E6,Planilha2!$E$2:$F$6,2,0) -> 80 | G6: =VLOOKUP($A6,Planilha2!$A$2:$C$6,3,0) -> 0.7 | H6: =VLOOKUP($A6,Planilha2!$A$2:$C$6,2,0) -> 35.99 | I6: =F6*(1-G6) -> 24 | J6: =0.3*C6 -> 0.3 | K6: =F6*D6 -> 0 | L6: =SUM(H6:K6)*1.1 -> 66.319 | N6: =(F6/2*SUM(B6:D6))*1.1 -> 88 | O6: =L6-N6 -> -21.681 | Q6: =N6*2 -> 176 | R6: =SUM(I6:K6)+L6 -> 90.619 | S6: =R6-Q6 -> -85.381 | U6: =N6*3 -> 264 | V6: =(H6*6)+(SUM(I6:K6)*3) -> 288.84 | W6: =V6-U6 -> 24.84
A7: Preto | B7: 1 | C7: 1 | D7: 0 | E7: Cadeira Especial | F7: =VLOOKUP(E7,Planilha2!$E$2:$F$6,2,0) -> 150 | G7: =VLOOKUP($A7,Planilha2!$A$2:$C$6,3,0) -> 0.7 | H7: =VLOOKUP($A7,Planilha2!$A$2:$C$6,2,0) -> 74.99 | I7: =F7*(1-G7) -> 45 | J7: =0.3*C7 -> 0.3 | K7: =F7*D7 -> 0 | L7: =SUM(H7:K7)*1.1 -> 132.319 | N7: =(F7/2*SUM(B7:D7))*1.1 -> 165 | O7: =L7-N7 -> -32.681 | Q7: =N7*2 -> 330 | R7: =SUM(I7:K7)+L7 -> 177.619 | S7: =R7-Q7 -> -152.381 | U7: =N7*3 -> 495 | V7: =(H7*6)+(SUM(I7:K7)*3) -> 585.84 | W7: =V7-U7 -> 90.84
A8: Tricolor | B8: 1 | C8: 1 | D8: 0 | E8: Cadeira Especial | F8: =VLOOKUP(E8,Planilha2!$E$2:$F$6,2,0) -> 150 | G8: =VLOOKUP($A8,Planilha2!$A$2:$C$6,3,0) -> 0.8 | H8: =VLOOKUP($A8,Planilha2!$A$2:$C$6,2,0) -> 115.99 | I8: =F8*(1-G8) -> 30 | J8: =0.3*C8 -> 0.3 | K8: =F8*D8 -> 0 | L8: =SUM(H8:K8)*1.1 -> 160.919 | N8: =(F8/2*SUM(B8:D8))*1.1 -> 165 | O8: =L8-N8 -> -4.081 | Q8: =N8*2 -> 330 | R8: =SUM(I8:K8)+L8 -> 191.219 | S8: =R8-Q8 -> -138.781 | U8: =N8*3 -> 495 | V8: =(H8*6)+(SUM(I8:K8)*3) -> 786.84 | W8: =V8-U8 -> 291.84
A9: Diamante | B9: 1 | C9: 1 | D9: 0 | E9: Cadeira Especial | F9: =VLOOKUP(E9,Planilha2!$E$2:$F$6,2,0) -> 150 | G9: =VLOOKUP($A9,Planilha2!$A$2:$C$6,3,0) -> 0.99 | H9: =VLOOKUP($A9,Planilha2!$A$2:$C$6,2,0) -> 199.99 | I9: =F9*(1-G9) -> 1.5 | J9: =0.3*C9 -> 0.3 | K9: =F9*D9 -> 0 | L9: =SUM(H9:K9)*1.1 -> 221.969 | N9: =(F9/2*SUM(B9:D9))*1.1 -> 165 | O9: =L9-N9 -> 56.969 | Q9: =N9*2 -> 330 | R9: =SUM(I9:K9)+L9 -> 223.769 | S9: =R9-Q9 -> -106.231 | U9: =N9*3 -> 495 | V9: =(H9*6)+(SUM(I9:K9)*3) -> 1205.34 | W9: =V9-U9 -> 710.34
A10: Preto | B10: 1 | C10: 2 | D10: 1 | E10: Cadeira Especial | F10: =VLOOKUP(E10,Planilha2!$E$2:$F$6,2,0) -> 150 | G10: =VLOOKUP($A10,Planilha2!$A$2:$C$6,3,0) -> 0.7 | H10: =VLOOKUP($A10,Planilha2!$A$2:$C$6,2,0) -> 74.99 | I10: =F10*(1-G10) -> 45 | J10: =0.3*C10 -> 0.6 | K10: =F10*D10 -> 150 | L10: =SUM(H10:K10)*1.1 -> 297.649 | N10: =(F10/2*SUM(B10:D10))*1.1 -> 330 | O10: =L10-N10 -> -32.351 | Q10: =N10*2 -> 660 | R10: =SUM(I10:K10)+L10 -> 493.249 | S10: =R10-Q10 -> -166.751 | U10: =N10*3 -> 990 | V10: =(H10*6)+(SUM(I10:K10)*3) -> 1036.74 | W10: =V10-U10 -> 46.74
A11: Tricolor | B11: 1 | C11: 2 | D11: 1 | E11: Cadeira Especial | F11: =VLOOKUP(E11,Planilha2!$E$2:$F$6,2,0) -> 150 | G11: =VLOOKUP($A11,Planilha2!$A$2:$C$6,3,0) -> 0.8 | H11: =VLOOKUP($A11,Planilha2!$A$2:$C$6,2,0) -> 115.99 | I11: =F11*(1-G11) -> 30 | J11: =0.3*C11 -> 0.6 | K11: =F11*D11 -> 150 | L11: =SUM(H11:K11)*1.1 -> 326.249 | N11: =(F11/2*SUM(B11:D11))*1.1 -> 330 | O11: =L11-N11 -> -3.751 | Q11: =N11*2 -> 660 | R11: =SUM(I11:K11)+L11 -> 506.849 | S11: =R11-Q11 -> -153.151 | U11: =N11*3 -> 990 | V11: =(H11*6)+(SUM(I11:K11)*3) -> 1237.74 | W11: =V11-U11 -> 247.74
A12: Diamante | B12: 1 | C12: 2 | D12: 1 | E12: Cadeira Especial | F12: =VLOOKUP(E12,Planilha2!$E$2:$F$6,2,0) -> 150 | G12: =VLOOKUP($A12,Planilha2!$A$2:$C$6,3,0) -> 0.99 | H12: =VLOOKUP($A12,Planilha2!$A$2:$C$6,2,0) -> 199.99 | I12: =F12*(1-G12) -> 1.5 | J12: =0.3*C12 -> 0.6 | K12: =F12*D12 -> 150 | L12: =SUM(H12:K12)*1.1 -> 387.299 | N12: =(F12/2*SUM(B12:D12))*1.1 -> 330 | O12: =L12-N12 -> 57.299 | Q12: =N12*2 -> 660 | R12: =SUM(I12:K12)+L12 -> 539.399 | S12: =R12-Q12 -> -120.601 | U12: =N12*3 -> 990 | V12: =(H12*6)+(SUM(I12:K12)*3) -> 1656.24 | W12: =V12-U12 -> 666.24
A13: Preto | B13: 1 | C13: 2 | D13: 1 | E13: Vermelha | F13: =VLOOKUP(E13,Planilha2!$E$2:$F$6,2,0) -> 80 | G13: =VLOOKUP($A13,Planilha2!$A$2:$C$6,3,0) -> 0.7 | H13: =VLOOKUP($A13,Planilha2!$A$2:$C$6,2,0) -> 74.99 | I13: =F13*(1-G13) -> 24 | J13: =0.3*C13 -> 0.6 | K13: =F13*D13 -> 80 | L13: =SUM(H13:K13)*1.1 -> 197.549 | N13: =(F13/2*SUM(B13:D13))*1.1 -> 176 | O13: =L13-N13 -> 21.549 | Q13: =N13*2 -> 352 | R13: =SUM(I13:K13)+L13 -> 302.149 | S13: =R13-Q13 -> -49.851 | U13: =N13*3 -> 528 | V13: =(H13*6)+(SUM(I13:K13)*3) -> 763.74 | W13: =V13-U13 -> 235.74
A14: Preto | B14: 1 | C14: 2 | D14: 1 | E14: Vermelha | F14: =VLOOKUP(E14,Planilha2!$E$2:$F$6,2,0) -> 80 | G14: =VLOOKUP($A14,Planilha2!$A$2:$C$6,3,0) -> 0.7 | H14: =VLOOKUP($A14,Planilha2!$A$2:$C$6,2,0) -> 74.99 | I14: =F14*(1-G14) -> 24 | J14: =0.3*C14 -> 0.6 | K14: 40 | L14: =SUM(H14:K14)*1.1 -> 153.549 | N14: =(F14/2*SUM(B14:D14))*1.1 -> 176 | O14: =L14-N14 -> -22.451 | Q14: =N14*2 -> 352 | R14: =SUM(I14:K14)+L14 -> 218.149 | S14: =R14-Q14 -> -133.851 | U14: =N14*3 -> 528 | V14: =(H14*6)+(SUM(I14:K14)*3) -> 643.74 | W14: =V14-U14 -> 115.74

Sheet Planilha1
A1: Plano ST | B1: Quem vai | C1: Local | D1: Valor
A2: Vermelho | B2: André e Davi | C2: Azul | D2: 100 | E2: =D2*1.1 -> 110
A3: Branco | B3: André e Davi | C3: Azul | D3: =160*0.3+34 -> 82 | E3: =D3*1.1 -> 90.2
A4: Preto | B4: André e Davi | C4: Cadeira | D4: =300*0.3+72 -> 162 | E4: =D4*1.1 -> 178.2
A5: Tricolor | B5: André e Davi | C5: Cadeira | D5: =300*0.2+111 -> 171 | E5: =D5*1.1 -> 188.1
A6: Diamante | B6: André e Davi | C6: Cadeira | D6: 192.6 | E6: =D6*1.1 -> 211.86
A7: Preto | B7: Família | C7: Cadeira | D7: =450*0.3+72+150 -> 357 | E7: =D7*1.1 -> 392.7
A8: Tricolor | B8: Família | C8: Cadeira | D8: =450*0.2+111+150 -> 351 | E8: =D8*1.1 -> 386.1
A9: Diamante | B9: Família | C9: Cadeira | D9: =193+150 -> 343 | E9: =D9*1.1 -> 377.3
A10: Preto | B10: Família | C10: Vermelha | D10: =240*0.3+72+80 -> 224 | E10: =D10*1.1 -> 246.4
A11: Preto | B11: Família | C11: Vermelha Meia | D11: =240*0.3+72+40 -> 184 | E11: =D11*1.1 -> 202.4

Sheet Planilha2
A1: Plano | B1: Valor | C1: % Desconto | E1: Setor
A2: Vermelho | B2: 18.99 | C2: 0.5 | E2: Azul | F2: 80
A3: Branco | B3: 35.99 | C3: 0.7 | E3: Vermelha | F3: 80
A4: Preto | B4: 74.99 | C4: 0.7 | E4: Cadeira Especial | F4: 150
A5: Tricolor | B5: 115.99 | C5: 0.8
A6: Diamante | B6: 199.99 | C6: 0.99
